1;2;зачет;зачет;20.5.2014;31
1;3;зачет;зачет;13.6.2007;28
1;4;экзамен;5;21.6.2013;44
1;5;зачет;зачет;8.5.2010;39
1;6;экзамен;4;21.4.2010;11
1;7;экзамен;4;13.6.2011;12
1;8;экзамен;5;26.2.2013;42
1;9;зачет;зачет;19.10.2015;23
1;10;экзамен;4;6.1.2005;45
2;11;экзамен;5;13.11.2001;17
2;12;экзамен;5;28.11.2012;12
2;13;зачет;зачет;28.8.2005;32
2;14;экзамен;5;27.9.2002;7
2;15;экзамен;5;19.7.2015;6
2;16;зачет;зачет;15.7.2006;47
2;17;экзамен;5;1.2.2000;30
2;18;экзамен;4;9.10.2008;3
2;19;экзамен;4;24.3.2004;24
2;20;зачет;зачет;26.5.2012;20
3;21;экзамен;5;27.7.2006;24
3;22;зачет;зачет;6.8.2013;47
3;23;экзамен;3;3.3.2014;7
3;24;экзамен;5;11.12.2005;45
3;25;зачет;не зачет;12.7.2014;41
3;26;экзамен;5;2.9.2011;40
3;27;экзамен;3;4.7.2008;48
3;28;экзамен;5;11.5.2002;50
3;29;зачет;зачет;17.12.2009;42
3;30;экзамен;3;6.9.2008;9
4;1;зачет;зачет;15.9.2007;47
4;2;экзамен;5;17.11.2013;6
4;3;экзамен;4;11.7.2009;15
4;4;экзамен;5;13.10.2009;3
4;5;зачет;не зачет;22.3.2003;20
4;6;экзамен;4;13.8.2009;10
4;7;зачет;зачет;9.11.2008;21
4;8;экзамен;3;7.3.2013;19
4;9;экзамен;4;16.6.2013;44
4;10;зачет;зачет;22.11.2010;32
5;11;экзамен;4;1.5.2007;34
5;12;зачет;зачет;20.6.2005;44
5;13;экзамен;5;8.5.2012;4
5;14;экзамен;5;19.1.2014;2
5;15;зачет;зачет;10.12.2008;23
5;16;зачет;зачет;8.7.2002;20
5;17;зачет;зачет;1.8.2009;1
5;18;экзамен;5;4.6.2002;25
5;19;экзамен;4;17.10.2010;12
5;20;экзамен;5;19.12.2004;40
6;21;экзамен;5;8.9.2011;44
6;22;экзамен;5;1.3.2006;1
6;23;экзамен;3;4.1.2011;37
6;24;экзамен;4;14.8.2013;50
6;25;экзамен;2;18.5.2005;29
6;26;экзамен;5;23.5.2001;5
6;27;экзамен;4;18.12.2006;11
6;28;экзамен;5;4.5.2009;30
6;29;зачет;зачет;17.4.2008;41
6;30;экзамен;5;12.4.2002;15
7;1;зачет;зачет;20.2.2006;42
7;2;зачет;зачет;1.3.2010;41
7;3;экзамен;4;4.10.2012;45
7;4;экзамен;5;1.3.2007;31
7;5;экзамен;5;8.4.2009;42
7;6;экзамен;5;4.11.2012;50
7;7;зачет;зачет;23.6.2012;41
7;8;экзамен;5;21.11.2007;26
7;9;экзамен;5;10.8.2004;5
7;10;экзамен;5;1.2.2015;29
8;11;экзамен;4;15.12.2014;32
8;12;экзамен;5;6.11.2015;11
8;13;зачет;зачет;27.11.2015;34
8;14;зачет;не зачет;8.7.2003;9
8;15;экзамен;5;14.5.2011;38
8;16;экзамен;5;20.6.2011;25
8;17;зачет;зачет;15.10.2003;4
8;18;зачет;зачет;8.5.2001;43
8;19;зачет;зачет;3.11.2015;45
8;20;экзамен;5;17.10.2015;13
9;21;зачет;зачет;27.9.2010;9
9;22;экзамен;5;14.3.2001;27
9;23;экзамен;5;1.1.2007;19
9;24;зачет;зачет;13.12.2002;18
9;25;зачет;зачет;5.5.2001;12
9;26;экзамен;3;20.12.2015;42
9;27;экзамен;3;4.7.2005;8
9;28;экзамен;5;24.8.2011;22
9;29;экзамен;5;5.3.2005;17
9;30;экзамен;5;22.6.2015;21
10;1;экзамен;5;3.12.2002;33
10;2;экзамен;5;11.11.2000;16
10;3;зачет;зачет;13.2.2008;44
10;4;экзамен;5;21.7.2003;47
10;5;экзамен;5;2.12.2009;22
10;6;экзамен;4;18.5.2011;1
10;7;экзамен;5;5.12.2007;43
10;8;зачет;зачет;21.2.2013;38
10;9;экзамен;3;28.7.2015;43
10;10;зачет;зачет;20.1.2001;17
11;11;зачет;зачет;11.11.2014;33
11;12;зачет;зачет;22.7.2012;19
11;13;экзамен;5;18.2.2011;6
11;14;зачет;зачет;2.4.2013;35
11;15;экзамен;5;25.3.2006;17
11;16;экзамен;5;8.2.2006;10
11;17;зачет;зачет;28.5.2007;38
11;18;зачет;зачет;4.3.2012;38
11;19;экзамен;4;16.6.2008;42
11;20;экзамен;5;2.8.2002;12
12;21;экзамен;5;3.12.2002;29
12;22;зачет;зачет;5.6.2010;27
12;23;экзамен;5;9.4.2014;1
12;24;экзамен;3;27.12.2012;26
12;25;зачет;зачет;6.2.2014;26
12;26;зачет;зачет;16.1.2015;6
12;27;экзамен;5;12.6.2003;7
12;28;зачет;зачет;18.10.2007;30
12;29;экзамен;4;6.7.2008;33
12;30;зачет;зачет;23.11.2014;19
13;1;экзамен;5;9.4.2009;10
13;2;экзамен;5;13.2.2012;6
13;3;зачет;зачет;16.6.2006;5
13;4;экзамен;5;8.5.2014;30
13;5;зачет;зачет;21.12.2008;10
13;6;экзамен;5;17.6.2012;7
13;7;зачет;зачет;24.8.2005;29
13;8;зачет;зачет;19.3.2000;29
13;9;экзамен;5;12.11.2008;39
13;10;экзамен;2;21.8.2015;29
14;11;зачет;зачет;23.7.2003;20
14;12;зачет;зачет;10.11.2006;24
14;13;зачет;не зачет;22.1.2006;30
14;14;экзамен;5;10.4.2010;49
14;15;зачет;зачет;2.11.2007;37
14;16;зачет;зачет;6.10.2002;29
14;17;экзамен;4;26.7.2008;13
14;18;зачет;зачет;3.10.2012;30
14;19;экзамен;5;14.9.2011;33
14;20;зачет;зачет;8.12.2002;2
15;21;зачет;зачет;22.8.2012;32
15;22;экзамен;4;4.11.2011;7
15;23;экзамен;3;26.10.2011;17
15;24;зачет;зачет;15.11.2009;4
15;25;зачет;зачет;3.5.2001;10
15;26;экзамен;4;21.4.2015;48
15;27;зачет;зачет;22.11.2005;28
15;28;экзамен;5;4.11.2015;17
15;29;экзамен;3;21.2.2009;39
15;30;экзамен;5;27.4.2000;45
16;1;экзамен;4;27.6.2013;21
16;2;экзамен;5;17.7.2004;33
16;3;экзамен;5;7.6.2015;14
16;4;экзамен;5;16.9.2009;43
16;5;зачет;зачет;9.10.2008;4
16;6;зачет;зачет;19.10.2009;35
16;7;зачет;зачет;20.6.2010;37
16;8;экзамен;5;27.5.2003;7
16;9;зачет;зачет;12.9.2003;13
16;10;зачет;зачет;26.8.2005;32
17;11;зачет;зачет;19.6.2005;6
17;12;экзамен;3;25.6.2004;50
17;13;экзамен;5;11.4.2001;4
17;14;экзамен;4;7.8.2011;9
17;15;экзамен;4;26.5.2009;17
17;16;экзамен;5;24.6.2002;26
17;17;зачет;зачет;5.8.2000;32
17;18;зачет;зачет;21.12.2014;11
17;19;зачет;зачет;12.1.2001;37
17;20;зачет;зачет;24.5.2000;35
18;21;экзамен;5;8.10.2012;45
18;22;зачет;зачет;14.7.2007;14
18;23;экзамен;5;20.6.2011;8
18;24;зачет;зачет;3.6.2007;39
18;25;экзамен;5;3.4.2007;32
18;26;экзамен;5;26.11.2014;21
18;27;экзамен;5;15.3.2002;14
18;28;экзамен;5;14.10.2010;10
18;29;экзамен;5;26.10.2004;16
18;30;экзамен;4;7.4.2005;38
19;1;экзамен;5;24.3.2006;38
19;2;экзамен;5;28.12.2000;36
19;3;зачет;зачет;4.12.2002;21
19;4;зачет;зачет;19.11.2002;19
19;5;зачет;зачет;19.4.2003;34
19;6;экзамен;5;14.9.2015;16
19;7;экзамен;5;7.2.2011;36
19;8;экзамен;3;14.2.2014;14
19;9;зачет;зачет;18.2.2005;25
19;10;экзамен;5;9.12.2015;22
20;11;зачет;зачет;23.1.2006;11
20;12;зачет;зачет;26.2.2013;3
20;13;зачет;зачет;11.2.2009;2
20;14;зачет;зачет;17.8.2008;46
20;15;зачет;зачет;19.4.2001;43
20;16;экзамен;5;19.2.2001;15
20;17;зачет;зачет;21.6.2015;2
20;18;экзамен;5;1.3.2005;41
20;19;экзамен;4;3.3.2011;8
20;20;экзамен;5;24.12.2003;50
21;21;экзамен;5;14.4.2001;21
21;22;зачет;не зачет;28.7.2010;3
21;23;экзамен;5;8.5.2006;50
21;24;экзамен;5;5.3.2013;41
21;25;зачет;зачет;18.4.2000;10
21;26;зачет;зачет;2.8.2003;6
21;27;экзамен;5;17.2.2011;3
21;28;экзамен;5;22.5.2008;20
21;29;экзамен;5;13.9.2006;10
21;30;экзамен;5;2.1.2005;39
22;1;зачет;зачет;9.8.2008;34
22;2;экзамен;5;22.1.2015;23
22;3;экзамен;5;25.7.2013;32
22;4;экзамен;4;2.11.2004;39
22;5;зачет;не зачет;20.7.2011;4
22;6;зачет;зачет;8.2.2012;19
22;7;зачет;зачет;10.7.2007;11
22;8;зачет;зачет;28.4.2012;43
22;9;экзамен;5;20.11.2006;11
22;10;экзамен;5;7.10.2015;28
23;11;зачет;зачет;27.10.2004;25
23;12;экзамен;5;25.7.2006;23
23;13;зачет;зачет;3.6.2008;48
23;14;зачет;зачет;15.12.2000;38
23;15;зачет;зачет;2.8.2004;33
23;16;экзамен;5;28.5.2010;24
23;17;экзамен;4;22.12.2010;11
23;18;экзамен;5;4.3.2002;37
23;19;зачет;зачет;7.9.2008;27
23;20;экзамен;4;7.2.2012;8
24;21;зачет;зачет;28.9.2009;45
24;22;зачет;зачет;6.8.2013;27
24;23;экзамен;5;2.4.2002;22
24;24;экзамен;3;10.10.2013;23
24;25;зачет;зачет;5.1.2001;32
24;26;экзамен;4;2.4.2004;19
24;27;экзамен;5;8.1.2005;45
24;28;экзамен;5;1.8.2001;34
24;29;экзамен;4;1.2.2014;23
24;30;экзамен;5;5.5.2000;17
25;1;зачет;зачет;11.9.2012;21
25;2;зачет;зачет;2.7.2015;46
25;3;экзамен;4;2.8.2011;36
25;4;экзамен;5;1.6.2003;43
25;5;зачет;зачет;11.3.2012;8
25;6;экзамен;5;8.7.2003;1
25;7;экзамен;4;19.1.2010;31
25;8;экзамен;5;24.8.2006;27
25;9;экзамен;5;4.6.2007;12
25;10;экзамен;5;2.5.2004;30
26;11;зачет;зачет;4.5.2010;38
26;12;экзамен;5;2.8.2007;5
26;13;зачет;зачет;11.10.2011;7
26;14;зачет;зачет;3.12.2015;16
26;15;экзамен;4;17.1.2005;38
26;16;зачет;зачет;17.8.2006;33
26;17;зачет;зачет;12.8.2004;21
26;18;экзамен;3;7.11.2014;9
26;19;экзамен;5;9.1.2009;2
26;20;зачет;зачет;4.3.2002;36
27;21;зачет;зачет;28.6.2012;32
27;22;зачет;зачет;11.6.2014;34
27;23;экзамен;5;26.4.2014;33
27;24;экзамен;4;23.5.2006;16
27;25;экзамен;5;8.6.2010;35
27;26;экзамен;5;20.5.2011;11
27;27;экзамен;5;14.4.2015;29
27;28;экзамен;5;23.4.2005;48
27;29;экзамен;5;19.8.2012;16
27;30;экзамен;5;6.8.2013;43
28;1;экзамен;4;13.7.2014;26
28;2;экзамен;5;4.12.2013;4
28;3;экзамен;2;11.4.2009;42
28;4;экзамен;5;6.3.2012;48
28;5;экзамен;4;15.9.2015;1
28;6;экзамен;4;24.7.2005;21
28;7;зачет;зачет;7.12.2008;16
28;8;зачет;зачет;13.6.2007;10
28;9;зачет;зачет;27.10.2013;2
28;10;зачет;зачет;3.9.2002;48
29;11;экзамен;4;12.8.2002;34
29;12;зачет;зачет;5.4.2000;9
29;13;зачет;зачет;21.8.2011;37
29;14;зачет;зачет;26.8.2006;15
29;15;экзамен;5;23.5.2006;13
29;16;экзамен;4;12.2.2003;25
29;17;экзамен;5;4.6.2010;5
29;18;экзамен;5;18.4.2007;4
29;19;экзамен;4;16.12.2001;8
29;20;зачет;зачет;2.7.2004;50
30;21;зачет;не зачет;15.4.2012;10
30;22;зачет;зачет;22.8.2009;3
30;23;экзамен;5;15.4.2014;23
30;24;экзамен;5;1.10.2009;19
30;25;зачет;зачет;8.11.2011;29
30;26;экзамен;5;23.1.2007;43
30;27;зачет;зачет;3.2.2010;41
30;28;зачет;зачет;28.1.2011;44
30;29;экзамен;4;13.8.2012;26
30;30;экзамен;5;27.12.2013;17
31;1;экзамен;5;15.10.2008;50
31;2;зачет;зачет;13.11.2009;28
31;3;экзамен;4;2.4.2014;35
31;4;экзамен;5;15.5.2001;49
31;5;экзамен;4;6.9.2015;4
31;6;зачет;зачет;11.11.2013;37
31;7;зачет;зачет;14.7.2011;10
31;8;экзамен;4;12.4.2014;3
31;9;экзамен;5;25.12.2014;47
31;10;экзамен;5;1.10.2015;12
32;11;зачет;зачет;20.7.2004;31
32;12;экзамен;4;3.10.2009;46
32;13;зачет;зачет;13.10.2009;26
32;14;зачет;зачет;28.10.2002;30
32;15;экзамен;3;12.2.2013;41
32;16;экзамен;3;13.8.2010;41
32;17;зачет;зачет;22.3.2011;35
32;18;экзамен;4;5.12.2009;23
32;19;экзамен;4;20.2.2011;48
32;20;экзамен;2;4.1.2014;29
33;21;зачет;зачет;24.7.2008;17
33;22;экзамен;5;11.1.2007;24
33;23;экзамен;5;2.10.2008;3
33;24;экзамен;3;17.11.2001;17
33;25;зачет;зачет;2.7.2000;32
33;26;зачет;зачет;14.3.2000;12
33;27;экзамен;4;13.1.2001;15
33;28;экзамен;4;8.11.2000;41
33;29;экзамен;5;7.5.2012;18
33;30;зачет;зачет;25.9.2001;3
34;1;экзамен;5;11.4.2010;3
34;2;экзамен;4;18.7.2014;1
34;3;зачет;зачет;26.6.2009;7
34;4;зачет;зачет;25.1.2002;16
34;5;экзамен;5;3.11.2010;23
34;6;зачет;зачет;19.5.2010;13
34;7;зачет;зачет;7.4.2004;1
34;8;зачет;зачет;22.11.2015;15
34;9;зачет;зачет;8.4.2000;39
34;10;зачет;зачет;28.11.2012;31
35;11;экзамен;4;25.8.2005;41
35;12;зачет;зачет;5.1.2000;9
35;13;зачет;не зачет;6.12.2012;6
35;14;экзамен;5;21.3.2009;49
35;15;экзамен;4;7.10.2010;28
35;16;экзамен;5;25.6.2004;8
35;17;зачет;зачет;17.5.2001;33
35;18;зачет;зачет;18.7.2001;26
35;19;зачет;зачет;10.7.2012;10
35;20;экзамен;4;6.2.2006;30
36;21;экзамен;5;7.5.2001;40
36;22;экзамен;4;17.1.2006;19
36;23;экзамен;5;21.12.2004;18
36;24;зачет;зачет;23.2.2005;41
36;25;экзамен;5;15.7.2001;47
36;26;экзамен;5;6.2.2008;28
36;27;экзамен;4;4.2.2010;42
36;28;экзамен;5;2.7.2004;8
36;29;экзамен;5;23.7.2010;41
36;30;зачет;зачет;13.9.2014;7
37;1;зачет;зачет;15.10.2000;42
37;2;экзамен;5;10.5.2007;39
37;3;экзамен;4;15.5.2002;49
37;4;экзамен;3;17.3.2015;18
37;5;экзамен;5;12.10.2014;23
37;6;экзамен;5;1.11.2007;44
37;7;экзамен;5;28.10.2004;41
37;8;экзамен;5;2.11.2008;33
37;9;экзамен;4;5.1.2007;34
37;10;экзамен;5;20.11.2008;50
38;11;экзамен;5;28.11.2005;6
38;12;экзамен;5;17.8.2015;42
38;13;экзамен;5;26.12.2006;42
38;14;экзамен;5;9.6.2006;28
38;15;экзамен;3;13.2.2010;7
38;16;зачет;зачет;14.12.2000;1
38;17;экзамен;4;4.12.2006;12
38;18;экзамен;3;25.5.2003;7
38;19;зачет;зачет;5.5.2015;49
38;20;экзамен;3;2.4.2002;32
39;21;экзамен;5;15.5.2006;25
39;22;экзамен;4;19.11.2014;33
39;23;зачет;не зачет;12.5.2000;23
39;24;экзамен;5;3.11.2011;21
39;25;зачет;зачет;25.10.2002;11
39;26;зачет;зачет;12.10.2003;32
39;27;экзамен;4;21.4.2003;50
39;28;экзамен;5;20.9.2002;44
39;29;зачет;зачет;8.12.2000;36
39;30;экзамен;5;20.10.2014;40
40;1;экзамен;5;22.5.2003;34
40;2;зачет;зачет;7.9.2012;26
40;3;экзамен;5;3.3.2000;19
40;4;экзамен;5;3.10.2009;9
40;5;зачет;зачет;2.12.2015;17
40;6;экзамен;2;1.4.2004;47
40;7;экзамен;5;16.4.2010;29
40;8;экзамен;2;11.7.2008;48
40;9;экзамен;5;6.9.2012;18
40;10;экзамен;5;14.9.2015;48
41;11;экзамен;5;24.6.2004;35
41;12;зачет;зачет;6.11.2013;8
41;13;зачет;зачет;1.5.2001;24
41;14;экзамен;5;25.2.2005;40
41;15;экзамен;5;24.10.2007;11
41;16;экзамен;3;3.3.2006;50
41;17;зачет;зачет;24.9.2000;10
41;18;зачет;зачет;10.12.2010;37
41;19;зачет;зачет;26.3.2007;50
41;20;зачет;зачет;1.1.2006;49
42;21;экзамен;5;8.4.2004;11
42;22;зачет;зачет;2.7.2008;40
42;23;зачет;зачет;23.1.2002;12
42;24;экзамен;5;8.9.2004;38
42;25;экзамен;5;16.5.2011;35
42;26;экзамен;5;6.11.2001;42
42;27;экзамен;3;22.11.2002;5
42;28;экзамен;4;16.5.2005;30
42;29;экзамен;4;21.10.2003;32
42;30;зачет;зачет;24.12.2005;29
43;1;зачет;зачет;28.1.2010;13
43;2;экзамен;4;4.3.2002;38
43;3;экзамен;5;10.10.2013;49
43;4;экзамен;4;7.10.2002;17
43;5;зачет;зачет;24.11.2010;4
43;6;зачет;зачет;19.1.2012;39
43;7;экзамен;5;25.2.2015;37
43;8;экзамен;5;5.12.2012;33
43;9;экзамен;5;7.11.2010;39
43;10;экзамен;4;12.1.2010;11
44;11;зачет;зачет;10.1.2005;41
44;12;зачет;зачет;12.4.2001;26
44;13;экзамен;5;22.9.2008;1
44;14;экзамен;3;17.2.2006;23
44;15;зачет;зачет;16.1.2011;9
44;16;зачет;зачет;27.12.2003;7
44;17;экзамен;5;6.5.2010;17
44;18;экзамен;5;18.8.2004;38
44;19;экзамен;5;20.1.2002;33
44;20;зачет;зачет;4.12.2014;22
45;21;экзамен;5;20.9.2014;44
45;22;экзамен;5;8.4.2001;27
45;23;экзамен;5;10.6.2000;48
45;24;экзамен;5;16.6.2012;28
45;25;экзамен;4;15.11.2010;16
45;26;экзамен;5;5.4.2007;5
45;27;зачет;зачет;25.12.2006;13
45;28;экзамен;4;11.12.2007;39
45;29;экзамен;5;18.4.2013;12
45;30;экзамен;5;3.6.2008;11
46;1;зачет;зачет;8.7.2011;44
46;2;зачет;зачет;28.12.2013;1
46;3;экзамен;5;24.8.2000;19
46;4;экзамен;5;26.6.2013;9
46;5;зачет;зачет;12.7.2007;19
46;6;экзамен;4;24.11.2004;50
46;7;экзамен;4;5.8.2007;3
46;8;экзамен;5;2.8.2008;7
46;9;зачет;зачет;11.7.2001;13
46;10;экзамен;4;28.3.2011;3
47;11;зачет;зачет;11.1.2013;41
47;12;экзамен;5;21.2.2014;16
47;13;экзамен;5;17.6.2005;42
47;14;экзамен;5;11.8.2002;3
47;15;экзамен;5;20.10.2005;36
47;16;зачет;зачет;16.8.2001;28
47;17;зачет;зачет;27.3.2006;43
47;18;экзамен;5;19.10.2015;29
47;19;зачет;зачет;14.7.2009;1
47;20;экзамен;4;2.7.2010;37
48;21;экзамен;5;23.3.2006;22
48;22;экзамен;5;1.5.2012;9
48;23;экзамен;5;3.10.2003;23
48;24;экзамен;5;20.5.2004;49
48;25;зачет;зачет;16.2.2003;46
48;26;экзамен;5;11.4.2008;25
48;27;экзамен;3;18.5.2003;39
48;28;зачет;зачет;16.6.2006;44
48;29;зачет;зачет;7.2.2000;28
48;30;экзамен;3;1.7.2003;3
49;1;экзамен;5;2.2.2000;16
49;2;экзамен;5;19.6.2011;1
49;3;экзамен;5;26.2.2005;16
49;4;зачет;зачет;20.12.2004;38
49;5;экзамен;4;7.12.2012;14
49;6;экзамен;4;10.1.2010;23
49;7;экзамен;4;22.10.2007;17
49;8;экзамен;5;17.3.2011;7
49;9;экзамен;5;23.6.2011;20
49;10;зачет;зачет;18.12.2001;14
50;11;экзамен;5;7.8.2009;16
50;12;экзамен;2;5.7.2013;15
50;13;экзамен;5;27.1.2007;7
50;14;зачет;зачет;27.1.2008;30
50;15;зачет;зачет;27.1.2015;48
50;16;экзамен;5;18.12.2010;17
50;17;зачет;зачет;15.11.2006;19
50;18;зачет;зачет;4.5.2011;36
50;19;зачет;зачет;14.11.2007;49
50;20;зачет;зачет;15.6.2010;8
51;21;зачет;зачет;5.2.2002;26
51;22;экзамен;5;5.3.2009;47
51;23;зачет;зачет;13.11.2000;6
51;24;зачет;зачет;12.7.2014;7
51;25;экзамен;5;14.11.2001;17
51;26;зачет;зачет;18.8.2005;45
51;27;зачет;зачет;9.10.2004;27
51;28;экзамен;5;2.12.2001;1
51;29;зачет;зачет;21.1.2008;18
51;30;экзамен;5;5.5.2009;21
52;1;зачет;зачет;27.5.2014;15
52;2;экзамен;4;25.6.2004;24
52;3;экзамен;5;24.1.2001;23
52;4;экзамен;4;19.7.2015;17
52;5;экзамен;5;26.6.2014;6
52;6;экзамен;5;19.2.2013;12
52;7;экзамен;4;5.4.2003;37
52;8;экзамен;5;5.2.2009;35
52;9;экзамен;5;20.11.2013;48
52;10;экзамен;4;2.10.2007;12
53;11;экзамен;3;11.11.2003;50
53;12;экзамен;3;4.1.2008;11
53;13;экзамен;4;3.5.2007;34
53;14;зачет;зачет;8.6.2006;41
53;15;экзамен;4;4.12.2001;8
53;16;экзамен;4;6.10.2005;17
53;17;зачет;зачет;8.8.2008;42
53;18;экзамен;5;7.6.2003;43
53;19;зачет;зачет;19.9.2015;33
53;20;экзамен;3;15.11.2003;14
54;21;экзамен;5;18.7.2005;6
54;22;зачет;зачет;16.3.2000;7
54;23;зачет;зачет;28.2.2005;7
54;24;экзамен;5;13.7.2011;35
54;25;экзамен;5;11.7.2010;32
54;26;экзамен;5;27.1.2013;11
54;27;экзамен;4;16.7.2013;19
54;28;зачет;зачет;21.9.2015;28
54;29;экзамен;4;9.11.2003;13
54;30;экзамен;4;11.12.2011;17
55;1;экзамен;4;21.5.2015;10
55;2;экзамен;4;4.5.2007;40
55;3;зачет;зачет;23.1.2015;39
55;4;зачет;зачет;13.5.2002;6
55;5;экзамен;4;6.2.2012;33
55;6;экзамен;5;15.1.2008;32
55;7;зачет;зачет;27.6.2002;1
55;8;экзамен;5;28.12.2000;41
55;9;экзамен;5;1.1.2008;13
55;10;зачет;зачет;17.1.2004;23
56;11;зачет;зачет;11.9.2006;14
56;12;экзамен;5;16.3.2014;29
56;13;экзамен;5;14.5.2003;27
56;14;зачет;зачет;15.10.2000;18
56;15;зачет;зачет;11.4.2012;8
56;16;зачет;зачет;2.1.2004;19
56;17;экзамен;3;8.9.2013;34
56;18;экзамен;5;10.4.2013;19
56;19;зачет;зачет;20.6.2000;8
56;20;экзамен;4;17.5.2013;32
57;21;зачет;зачет;19.3.2008;38
57;22;экзамен;5;5.7.2003;10
57;23;зачет;зачет;3.11.2010;27
57;24;экзамен;4;18.7.2006;10
57;25;экзамен;5;26.4.2001;21
57;26;экзамен;4;10.8.2013;10
57;27;экзамен;5;6.4.2002;42
57;28;экзамен;2;17.1.2015;3
57;29;экзамен;5;4.6.2009;40
57;30;зачет;зачет;8.12.2009;45
58;1;зачет;зачет;17.8.2002;36
58;2;зачет;не зачет;24.4.2012;43
58;3;экзамен;3;13.7.2011;39
58;4;зачет;зачет;3.8.2014;19
58;5;зачет;зачет;4.7.2002;48
58;6;экзамен;5;6.11.2005;33
58;7;экзамен;5;4.7.2011;48
58;8;экзамен;3;22.10.2014;4
58;9;зачет;зачет;7.12.2002;32
58;10;экзамен;5;18.10.2000;38
59;11;зачет;зачет;7.9.2015;22
59;12;экзамен;4;25.3.2007;31
59;13;экзамен;4;9.6.2003;36
59;14;зачет;зачет;21.11.2004;42
59;15;зачет;зачет;22.11.2014;11
59;16;зачет;зачет;10.8.2008;21
59;17;зачет;не зачет;25.2.2013;16
59;18;экзамен;5;8.3.2009;34
59;19;экзамен;4;5.6.2005;37
59;20;зачет;зачет;5.12.2008;32
60;21;экзамен;5;17.5.2000;39
60;22;экзамен;4;21.9.2001;6
60;23;экзамен;5;21.7.2001;46
60;24;экзамен;5;2.8.2011;36
60;25;экзамен;5;26.10.2000;16
60;26;экзамен;3;14.8.2006;23
60;27;экзамен;4;2.12.2015;38
60;28;зачет;зачет;4.7.2001;19
60;29;зачет;зачет;6.7.2004;44
60;30;зачет;зачет;3.7.2005;34
61;1;зачет;зачет;18.9.2004;1
61;2;зачет;зачет;5.3.2013;21
61;3;зачет;зачет;9.10.2003;44
61;4;экзамен;3;6.6.2015;40
61;5;экзамен;5;1.8.2014;18
61;6;зачет;зачет;7.2.2000;37
61;7;экзамен;4;22.2.2000;11
61;8;зачет;зачет;15.10.2005;44
61;9;зачет;зачет;17.7.2000;46
61;10;зачет;зачет;7.7.2008;12
62;11;зачет;зачет;21.7.2014;35
62;12;экзамен;4;25.5.2005;31
62;13;экзамен;4;21.9.2001;14
62;14;экзамен;5;12.7.2014;27
62;15;зачет;зачет;25.1.2003;39
62;16;экзамен;4;27.4.2003;3
62;17;экзамен;5;12.3.2000;33
62;18;зачет;зачет;13.3.2005;46
62;19;экзамен;5;17.8.2007;39
62;20;зачет;зачет;16.12.2013;18
63;21;зачет;не зачет;8.9.2003;44
63;22;экзамен;4;11.12.2000;29
63;23;экзамен;5;23.6.2010;35
63;24;экзамен;5;5.8.2009;42
63;25;экзамен;5;28.9.2000;45
63;26;зачет;зачет;28.7.2000;36
63;27;экзамен;4;14.12.2005;50
63;28;экзамен;4;17.10.2001;5
63;29;экзамен;2;12.4.2000;6
63;30;экзамен;5;15.3.2012;39
64;1;зачет;зачет;18.1.2009;11
64;2;зачет;зачет;25.8.2013;32
64;3;зачет;зачет;8.7.2006;4
64;4;зачет;зачет;28.7.2014;10
64;5;экзамен;4;20.12.2008;9
64;6;экзамен;3;26.1.2012;36
64;7;зачет;зачет;4.6.2015;39
64;8;зачет;зачет;18.4.2002;18
64;9;экзамен;5;27.5.2005;10
64;10;экзамен;5;27.6.2012;17
65;11;зачет;зачет;19.10.2002;19
65;12;экзамен;5;8.4.2002;47
65;13;экзамен;5;16.10.2008;28
65;14;экзамен;5;20.7.2005;33
65;15;зачет;зачет;16.7.2005;24
65;16;экзамен;5;9.5.2011;47
65;17;экзамен;5;11.5.2000;38
65;18;экзамен;5;19.2.2002;38
65;19;экзамен;5;18.12.2010;49
65;20;зачет;зачет;22.7.2007;26
66;21;экзамен;3;26.4.2012;36
66;22;экзамен;5;16.10.2000;27
66;23;экзамен;4;6.10.2010;22
66;24;экзамен;4;23.12.2002;7
66;25;экзамен;5;24.2.2010;46
66;26;зачет;зачет;13.3.2006;44
66;27;экзамен;4;28.6.2000;16
66;28;зачет;зачет;1.4.2010;21
66;29;экзамен;5;22.7.2006;15
66;30;экзамен;2;23.4.2010;33
67;1;экзамен;3;19.5.2001;44
67;2;экзамен;5;5.5.2009;6
67;3;экзамен;4;10.4.2007;39
67;4;экзамен;5;10.8.2011;42
67;5;экзамен;4;6.6.2010;22
67;6;зачет;зачет;1.4.2008;31
67;7;экзамен;4;7.2.2001;43
67;8;зачет;зачет;5.2.2013;33
67;9;зачет;зачет;16.3.2010;36
67;10;зачет;зачет;14.4.2005;31
68;11;зачет;зачет;2.7.2001;33
68;12;экзамен;3;11.3.2012;31
68;13;экзамен;5;14.12.2004;23
68;14;зачет;зачет;9.3.2007;7
68;15;экзамен;5;16.1.2002;38
68;16;зачет;зачет;26.6.2014;35
68;17;зачет;зачет;21.3.2013;47
68;18;экзамен;5;22.10.2008;12
68;19;зачет;зачет;16.4.2006;29
68;20;экзамен;3;24.11.2011;25
69;21;экзамен;5;15.7.2006;39
69;22;экзамен;3;20.4.2010;48
69;23;экзамен;3;5.8.2007;39
69;24;экзамен;5;21.11.2007;33
69;25;экзамен;2;23.6.2015;34
69;26;зачет;зачет;15.9.2014;29
69;27;экзамен;5;9.5.2012;20
69;28;экзамен;5;1.8.2010;25
69;29;экзамен;4;10.2.2005;32
69;30;экзамен;5;11.6.2011;22
70;1;экзамен;5;22.3.2006;2
70;2;экзамен;5;24.4.2010;5
70;3;экзамен;5;10.1.2010;46
70;4;зачет;зачет;26.7.2014;41
70;5;экзамен;4;16.10.2002;11
70;6;экзамен;4;10.11.2004;31
70;7;зачет;зачет;7.10.2005;21
70;8;экзамен;3;5.10.2009;34
70;9;экзамен;4;12.5.2004;15
70;10;зачет;зачет;10.3.2001;29
71;11;зачет;зачет;28.3.2002;44
71;12;экзамен;2;23.3.2014;5
71;13;экзамен;5;5.6.2013;22
71;14;экзамен;4;12.8.2014;43
71;15;зачет;зачет;27.5.2006;8
71;16;экзамен;4;17.3.2011;39
71;17;экзамен;4;7.12.2002;4
71;18;зачет;зачет;23.2.2007;20
71;19;экзамен;5;11.4.2015;32
71;20;зачет;зачет;20.9.2011;17
72;21;экзамен;5;28.2.2014;18
72;22;зачет;зачет;2.2.2011;44
72;23;экзамен;5;13.9.2015;4
72;24;зачет;зачет;17.9.2004;1
72;25;экзамен;5;15.3.2013;34
72;26;зачет;зачет;7.5.2004;4
72;27;зачет;зачет;21.4.2014;7
72;28;экзамен;5;23.8.2014;31
72;29;зачет;зачет;8.1.2000;42
72;30;экзамен;3;24.10.2003;29
73;1;зачет;зачет;3.2.2004;38
73;2;экзамен;3;12.12.2015;38
73;3;экзамен;4;11.4.2002;34
73;4;экзамен;5;19.11.2010;29
73;5;зачет;зачет;9.8.2005;1
73;6;зачет;зачет;5.12.2008;19
73;7;экзамен;4;20.11.2013;45
73;8;экзамен;4;14.7.2009;34
73;9;зачет;зачет;4.7.2012;12
73;10;экзамен;4;18.4.2002;19
74;11;экзамен;5;5.3.2002;22
74;12;экзамен;4;6.9.2006;41
74;13;экзамен;4;11.12.2003;26
74;14;экзамен;4;18.4.2013;37
74;15;экзамен;5;11.6.2013;47
74;16;экзамен;5;1.1.2001;12
74;17;экзамен;3;4.6.2010;36
74;18;экзамен;5;24.8.2002;47
74;19;зачет;зачет;24.10.2011;38
74;20;экзамен;3;3.4.2004;42
75;21;экзамен;4;7.3.2001;11
75;22;экзамен;5;13.10.2012;2
75;23;экзамен;5;15.7.2007;47
75;24;экзамен;3;18.8.2005;41
75;25;экзамен;5;10.8.2005;8
75;26;зачет;зачет;19.7.2008;40
75;27;экзамен;5;11.8.2009;20
75;28;зачет;зачет;6.12.2004;2
75;29;экзамен;5;19.5.2013;17
75;30;экзамен;4;8.12.2007;1
76;1;экзамен;2;19.8.2008;6
76;2;экзамен;4;17.12.2011;39
76;3;экзамен;5;9.11.2009;9
76;4;экзамен;4;27.7.2006;27
76;5;экзамен;5;12.5.2001;10
76;6;зачет;зачет;11.1.2014;20
76;7;экзамен;5;16.1.2002;34
76;8;экзамен;4;23.3.2013;36
76;9;экзамен;5;23.1.2013;46
76;10;экзамен;5;12.11.2011;45
77;11;экзамен;2;21.8.2013;36
77;12;экзамен;5;14.6.2007;23
77;13;зачет;зачет;27.10.2002;10
77;14;зачет;зачет;10.9.2000;19
77;15;зачет;зачет;14.8.2012;28
77;16;зачет;зачет;3.11.2013;16
77;17;экзамен;5;14.2.2006;31
77;18;экзамен;5;22.3.2000;47
77;19;экзамен;3;19.9.2014;47
77;20;зачет;зачет;23.11.2004;25
78;21;экзамен;5;5.6.2007;50
78;22;зачет;зачет;2.11.2014;25
78;23;зачет;не зачет;14.5.2001;38
78;24;зачет;зачет;18.7.2015;15
78;25;экзамен;5;22.2.2012;26
78;26;зачет;зачет;6.12.2008;20
78;27;экзамен;4;2.6.2008;25
78;28;экзамен;5;13.8.2008;21
78;29;экзамен;5;19.6.2013;25
78;30;экзамен;5;16.10.2008;30
79;1;зачет;зачет;4.8.2008;34
79;2;экзамен;5;3.12.2005;1
79;3;экзамен;5;12.7.2002;22
79;4;экзамен;2;24.6.2008;37
79;5;экзамен;4;16.7.2003;29
79;6;экзамен;4;13.12.2015;8
79;7;экзамен;4;26.6.2000;16
79;8;экзамен;4;1.4.2011;31
79;9;экзамен;2;15.3.2006;40
79;10;экзамен;5;24.2.2008;2
80;11;экзамен;5;18.7.2012;35
80;12;экзамен;5;19.1.2014;25
80;13;экзамен;5;4.2.2002;4
80;14;зачет;зачет;28.6.2004;2
80;15;экзамен;5;16.7.2012;18
80;16;экзамен;5;5.1.2011;28
80;17;зачет;зачет;6.4.2006;17
80;18;экзамен;4;23.4.2009;47
80;19;экзамен;5;13.10.2015;40
80;20;экзамен;4;24.11.2013;35
81;21;экзамен;5;9.9.2008;30
81;22;экзамен;4;5.9.2003;12
81;23;экзамен;4;8.9.2014;25
81;24;экзамен;5;17.12.2012;40
81;25;экзамен;4;12.10.2008;46
81;26;зачет;зачет;18.1.2015;1
81;27;зачет;зачет;7.11.2004;23
81;28;зачет;зачет;6.10.2005;7
81;29;экзамен;4;6.2.2007;48
81;30;экзамен;4;5.10.2007;12
82;1;зачет;зачет;9.4.2012;6
82;2;экзамен;5;10.1.2001;28
82;3;зачет;зачет;23.8.2007;12
82;4;зачет;не зачет;27.12.2002;37
82;5;зачет;зачет;20.8.2011;35
82;6;экзамен;5;15.9.2011;14
82;7;экзамен;3;3.1.2012;36
82;8;зачет;зачет;11.4.2007;38
82;9;экзамен;4;7.9.2012;7
82;10;зачет;зачет;2.8.2004;38
83;11;зачет;зачет;28.11.2004;37
83;12;экзамен;5;18.11.2015;9
83;13;экзамен;5;5.8.2015;1
83;14;зачет;зачет;10.11.2009;41
83;15;экзамен;2;16.4.2007;5
83;16;экзамен;5;6.6.2008;4
83;17;зачет;зачет;23.3.2011;40
83;18;экзамен;5;2.4.2005;35
83;19;зачет;зачет;18.3.2011;26
83;20;зачет;зачет;17.7.2003;25
84;21;экзамен;5;18.3.2008;37
84;22;зачет;зачет;27.11.2005;34
84;23;зачет;зачет;17.7.2014;41
84;24;зачет;зачет;23.8.2001;26
84;25;экзамен;4;18.1.2003;17
84;26;зачет;зачет;14.8.2012;36
84;27;экзамен;5;16.7.2002;26
84;28;зачет;не зачет;28.1.2003;16
84;29;экзамен;4;28.7.2001;45
84;30;экзамен;5;19.7.2006;44
85;1;зачет;зачет;26.1.2014;29
85;2;зачет;зачет;4.12.2006;45
85;3;экзамен;4;6.3.2010;41
85;4;зачет;зачет;27.5.2008;25
85;5;экзамен;4;6.8.2014;25
85;6;зачет;зачет;25.12.2014;47
85;7;зачет;зачет;10.6.2001;40
85;8;экзамен;5;22.5.2012;9
85;9;зачет;зачет;26.7.2009;2
85;10;экзамен;5;13.6.2001;1
86;11;экзамен;5;24.2.2015;22
86;12;экзамен;5;10.12.2010;4
86;13;зачет;зачет;5.4.2002;45
86;14;зачет;зачет;23.3.2000;49
86;15;зачет;зачет;28.12.2002;30
86;16;экзамен;5;16.9.2013;2
86;17;экзамен;4;26.12.2007;20
86;18;зачет;зачет;20.8.2010;41
86;19;экзамен;4;9.12.2004;17
86;20;экзамен;4;17.2.2003;48
87;21;экзамен;5;28.4.2007;11
87;22;зачет;зачет;20.2.2010;9
87;23;экзамен;5;25.3.2002;31
87;24;экзамен;5;12.3.2003;21
87;25;экзамен;4;15.4.2002;50
87;26;экзамен;5;11.4.2000;5
87;27;зачет;не зачет;9.12.2002;11
87;28;экзамен;4;7.8.2013;29
87;29;экзамен;5;16.10.2014;16
87;30;экзамен;3;5.5.2007;25
88;1;зачет;зачет;12.6.2001;3
88;2;экзамен;5;17.2.2010;36
88;3;экзамен;5;14.2.2012;24
88;4;зачет;зачет;1.4.2013;22
88;5;зачет;зачет;8.5.2003;31
88;6;экзамен;5;26.5.2010;38
88;7;экзамен;4;10.12.2005;22
88;8;экзамен;4;3.3.2010;29
88;9;зачет;зачет;19.12.2013;49
88;10;экзамен;5;26.12.2006;38
89;11;экзамен;3;9.4.2003;40
89;12;экзамен;4;4.10.2006;39
89;13;зачет;зачет;24.11.2009;31
89;14;экзамен;4;6.1.2001;6
89;15;зачет;зачет;1.11.2009;42
89;16;зачет;зачет;21.7.2012;45
89;17;экзамен;4;5.11.2004;23
89;18;экзамен;5;28.7.2004;8
89;19;экзамен;5;15.8.2000;21
89;20;экзамен;4;26.12.2007;3
90;21;экзамен;3;12.1.2000;50
90;22;экзамен;4;1.1.2010;48
90;23;экзамен;4;6.10.2005;33
90;24;зачет;зачет;5.3.2014;13
90;25;экзамен;5;26.3.2013;17
90;26;экзамен;5;6.1.2005;10
90;27;экзамен;3;17.11.2000;39
90;28;экзамен;4;25.1.2008;35
90;29;экзамен;4;18.8.2014;9
90;30;экзамен;5;20.5.2010;12
91;1;экзамен;5;22.6.2010;34
91;2;экзамен;4;13.4.2007;6
91;3;зачет;зачет;5.1.2004;33
91;4;зачет;не зачет;3.4.2004;27
91;5;экзамен;5;4.10.2015;14
91;6;экзамен;5;16.1.2005;18
91;7;экзамен;5;21.5.2012;19
91;8;экзамен;5;24.6.2001;47
91;9;зачет;зачет;2.2.2013;42
91;10;зачет;зачет;7.1.2014;2
92;11;зачет;зачет;10.6.2009;30
92;12;зачет;зачет;6.11.2010;1
92;13;зачет;зачет;18.6.2004;38
92;14;зачет;зачет;7.2.2014;35
92;15;экзамен;5;12.1.2001;7
92;16;экзамен;5;16.12.2004;19
92;17;экзамен;4;5.7.2009;25
92;18;зачет;зачет;22.2.2012;35
92;19;зачет;зачет;9.4.2010;27
92;20;зачет;зачет;4.5.2007;15
93;21;экзамен;5;9.12.2014;31
93;22;зачет;зачет;4.4.2003;1
93;23;экзамен;5;3.2.2000;36
93;24;экзамен;4;26.2.2013;42
93;25;экзамен;5;19.5.2011;9
93;26;экзамен;5;19.6.2001;3
93;27;экзамен;5;9.5.2011;25
93;28;зачет;зачет;22.12.2013;32
93;29;зачет;зачет;27.3.2011;30
93;30;зачет;зачет;28.7.2009;18
94;1;зачет;зачет;10.1.2011;3
94;2;экзамен;4;24.11.2001;7
94;3;зачет;зачет;26.11.2006;11
94;4;экзамен;5;15.2.2014;48
94;5;экзамен;5;6.9.2004;33
94;6;экзамен;5;12.8.2008;6
94;7;зачет;не зачет;25.2.2013;7
94;8;экзамен;5;4.3.2015;10
94;9;экзамен;5;14.4.2000;45
94;10;экзамен;5;1.5.2008;30
95;11;зачет;зачет;14.11.2001;5
95;12;зачет;зачет;15.7.2014;37
95;13;зачет;зачет;21.5.2010;8
95;14;экзамен;5;8.10.2005;18
95;15;экзамен;4;13.8.2009;15
95;16;зачет;зачет;22.10.2009;6
95;17;экзамен;4;10.4.2002;40
95;18;экзамен;3;27.11.2007;42
95;19;зачет;зачет;1.2.2015;21
95;20;экзамен;4;28.4.2012;43
96;21;зачет;зачет;17.11.2012;47
96;22;зачет;зачет;19.8.2008;40
96;23;экзамен;4;6.1.2001;30
96;24;экзамен;4;6.7.2000;32
96;25;зачет;зачет;28.4.2001;43
96;26;зачет;зачет;27.8.2001;32
96;27;зачет;зачет;19.3.2014;36
96;28;экзамен;5;28.10.2008;21
96;29;экзамен;5;23.7.2010;19
96;30;зачет;зачет;27.12.2010;49
97;1;экзамен;4;10.10.2007;24
97;2;зачет;зачет;9.6.2015;45
97;3;экзамен;4;28.9.2008;4
97;4;зачет;зачет;6.4.2005;42
97;5;зачет;зачет;14.8.2002;7
97;6;экзамен;5;22.1.2006;20
97;7;экзамен;5;4.1.2012;1
97;8;экзамен;4;7.8.2008;5
97;9;экзамен;4;16.9.2009;28
97;10;зачет;зачет;9.12.2009;50
98;11;экзамен;5;27.7.2010;20
98;12;экзамен;4;24.5.2000;44
98;13;экзамен;5;15.4.2010;34
98;14;экзамен;5;7.6.2012;8
98;15;экзамен;4;16.3.2009;39
98;16;экзамен;5;15.12.2010;34
98;17;экзамен;5;23.10.2012;35
98;18;экзамен;5;9.3.2011;20
98;19;зачет;зачет;9.3.2010;20
98;20;экзамен;4;6.4.2011;21
99;21;зачет;зачет;3.8.2007;6
99;22;зачет;зачет;1.12.2007;40
99;23;зачет;зачет;10.4.2007;41
99;24;зачет;зачет;7.1.2007;38
99;25;экзамен;5;25.6.2013;29
99;26;экзамен;4;23.1.2010;20
99;27;экзамен;4;28.9.2004;15
99;28;экзамен;3;15.8.2003;49
99;29;экзамен;5;10.3.2011;24
99;30;зачет;зачет;23.10.2005;48
100;1;экзамен;5;26.1.2007;3
100;2;экзамен;5;16.2.2001;29
100;3;зачет;зачет;25.3.2010;36
100;4;экзамен;5;21.2.2015;45
100;5;зачет;зачет;19.2.2005;17
100;6;экзамен;5;10.4.2003;24
100;7;экзамен;2;12.7.2001;2
100;8;зачет;зачет;12.12.2013;16
100;9;экзамен;4;10.1.2008;16
100;10;зачет;зачет;6.11.2003;27
101;11;экзамен;4;18.7.2001;12
101;12;экзамен;4;10.3.2012;42
101;13;зачет;зачет;18.5.2001;6
101;14;зачет;зачет;6.2.2013;43
101;15;экзамен;5;27.3.2008;28
101;16;зачет;зачет;27.10.2004;38
101;17;экзамен;4;25.11.2003;43
101;18;экзамен;5;24.5.2015;11
101;19;экзамен;5;1.4.2001;7
101;20;зачет;зачет;7.1.2004;37
102;21;экзамен;4;22.3.2001;40
102;22;экзамен;5;4.5.2005;49
102;23;экзамен;5;28.9.2012;13
102;24;экзамен;5;4.6.2008;35
102;25;зачет;зачет;12.1.2009;47
102;26;экзамен;5;25.6.2013;25
102;27;экзамен;5;2.12.2009;9
102;28;экзамен;2;6.6.2004;36
102;29;зачет;зачет;3.9.2009;38
102;30;экзамен;5;15.9.2010;27
103;1;экзамен;4;18.9.2003;12
103;2;зачет;зачет;26.5.2015;48
103;3;зачет;зачет;11.11.2010;47
103;4;экзамен;5;21.4.2009;19
103;5;зачет;зачет;6.5.2003;5
103;6;зачет;зачет;16.1.2014;49
103;7;зачет;зачет;14.4.2005;13
103;8;экзамен;5;21.3.2000;6
103;9;зачет;зачет;5.8.2000;42
103;10;зачет;зачет;15.9.2004;12
104;11;зачет;зачет;1.1.2008;14
104;12;зачет;зачет;8.12.2000;30
104;13;экзамен;4;14.12.2011;35
104;14;экзамен;5;3.2.2012;26
104;15;экзамен;4;5.9.2004;37
104;16;экзамен;5;12.10.2000;1
104;17;экзамен;5;1.9.2000;28
104;18;зачет;не зачет;9.10.2014;8
104;19;зачет;зачет;17.9.2000;20
104;20;экзамен;4;12.7.2006;21
105;21;экзамен;4;8.4.2004;7
105;22;зачет;зачет;13.8.2008;14
105;23;экзамен;5;8.2.2015;40
105;24;экзамен;5;14.10.2011;45
105;25;зачет;зачет;28.2.2015;48
105;26;экзамен;4;22.12.2004;28
105;27;экзамен;4;16.6.2015;16
105;28;зачет;зачет;17.8.2005;9
105;29;зачет;зачет;1.5.2001;33
105;30;зачет;зачет;15.9.2013;8
106;1;экзамен;5;28.2.2014;14
106;2;экзамен;5;21.8.2006;3
106;3;зачет;зачет;18.1.2001;20
106;4;зачет;зачет;22.4.2014;3
106;5;экзамен;4;11.10.2006;13
106;6;зачет;зачет;28.11.2008;24
106;7;зачет;зачет;18.6.2004;43
106;8;экзамен;5;15.6.2005;11
106;9;экзамен;4;15.12.2005;49
106;10;экзамен;5;22.2.2012;5
107;11;зачет;зачет;10.11.2008;13
107;12;экзамен;5;18.2.2012;13
107;13;экзамен;3;19.8.2002;8
107;14;зачет;зачет;14.6.2006;14
107;15;экзамен;5;27.1.2011;34
107;16;экзамен;5;21.6.2008;2
107;17;зачет;зачет;16.3.2011;4
107;18;экзамен;5;19.12.2013;3
107;19;экзамен;5;3.7.2007;47
107;20;экзамен;5;26.8.2007;25
108;21;зачет;зачет;15.4.2011;17
108;22;экзамен;5;21.4.2005;19
108;23;экзамен;5;17.2.2008;14
108;24;зачет;зачет;11.6.2002;47
108;25;зачет;зачет;16.10.2001;23
108;26;зачет;зачет;27.6.2000;4
108;27;зачет;зачет;20.5.2008;42
108;28;зачет;зачет;15.12.2002;9
108;29;экзамен;5;13.9.2003;46
108;30;экзамен;4;5.8.2014;43
109;1;экзамен;5;26.8.2000;20
109;2;зачет;зачет;12.4.2002;10
109;3;зачет;не зачет;14.11.2003;11
109;4;зачет;не зачет;1.2.2003;9
109;5;экзамен;5;17.8.2009;11
109;6;экзамен;5;14.7.2003;15
109;7;зачет;зачет;1.2.2009;41
109;8;экзамен;4;21.5.2010;23
109;9;экзамен;5;9.4.2002;4
109;10;зачет;зачет;15.4.2006;45
110;11;экзамен;5;14.10.2014;36
110;12;экзамен;5;23.2.2013;7
110;13;зачет;зачет;16.6.2014;6
110;14;экзамен;5;16.4.2002;23
110;15;зачет;зачет;7.1.2001;1
110;16;зачет;зачет;8.3.2006;37
110;17;зачет;зачет;9.10.2011;3
110;18;зачет;зачет;16.10.2007;9
110;19;экзамен;3;11.7.2012;48
110;20;экзамен;3;6.5.2011;46
111;21;экзамен;4;13.10.2013;42
111;22;экзамен;5;18.11.2010;40
111;23;экзамен;5;19.4.2004;28
111;24;экзамен;5;23.8.2002;17
111;25;зачет;зачет;3.1.2003;17
111;26;экзамен;5;9.7.2013;19
111;27;экзамен;3;9.7.2013;4
111;28;экзамен;4;3.4.2015;2
111;29;зачет;зачет;1.11.2010;42
111;30;экзамен;4;22.4.2003;31
112;1;экзамен;4;26.8.2002;6
112;2;экзамен;4;26.12.2007;10
112;3;зачет;зачет;15.2.2003;20
112;4;экзамен;5;18.7.2015;14
112;5;экзамен;5;11.6.2005;38
112;6;экзамен;4;23.2.2008;46
112;7;экзамен;3;2.3.2010;37
112;8;экзамен;4;25.2.2004;4
112;9;зачет;зачет;20.12.2002;50
112;10;зачет;зачет;28.4.2011;43
113;11;зачет;зачет;7.4.2008;35
113;12;зачет;зачет;24.9.2000;13
113;13;экзамен;5;24.5.2003;19
113;14;экзамен;2;10.10.2011;45
113;15;экзамен;3;17.11.2001;15
113;16;экзамен;4;7.10.2002;27
113;17;зачет;зачет;22.2.2001;9
113;18;экзамен;3;18.11.2000;33
113;19;экзамен;5;21.3.2009;14
113;20;экзамен;4;25.10.2008;28
114;21;экзамен;5;24.7.2010;38
114;22;экзамен;3;22.12.2014;23
114;23;экзамен;4;11.10.2012;8
114;24;экзамен;4;3.7.2001;12
114;25;зачет;зачет;16.3.2011;48
114;26;экзамен;4;15.5.2002;48
114;27;экзамен;5;7.11.2001;18
114;28;зачет;зачет;13.4.2002;23
114;29;экзамен;5;24.12.2012;36
114;30;экзамен;5;27.8.2010;45
115;1;экзамен;5;11.5.2004;16
115;2;экзамен;5;12.2.2014;19
115;3;экзамен;4;25.9.2015;15
115;4;зачет;зачет;26.9.2002;46
115;5;зачет;зачет;17.3.2009;4
115;6;зачет;зачет;5.3.2011;18
115;7;зачет;зачет;8.12.2004;4
115;8;зачет;зачет;20.8.2006;5
115;9;экзамен;3;11.7.2014;43
115;10;экзамен;4;15.7.2009;26
116;11;экзамен;3;4.6.2013;45
116;12;экзамен;4;4.4.2000;43
116;13;зачет;зачет;20.1.2006;47
116;14;зачет;зачет;13.10.2014;46
116;15;зачет;зачет;25.11.2011;1
116;16;зачет;зачет;18.8.2001;25
116;17;зачет;зачет;8.1.2014;46
116;18;экзамен;5;2.9.2004;41
116;19;экзамен;5;17.5.2010;19
116;20;экзамен;4;9.7.2005;40
117;21;зачет;зачет;1.12.2014;18
117;22;зачет;зачет;6.8.2010;41
117;23;зачет;не зачет;25.5.2012;2
117;24;зачет;зачет;28.1.2011;18
117;25;экзамен;5;3.1.2008;44
117;26;зачет;зачет;4.11.2007;13
117;27;экзамен;5;3.8.2015;14
117;28;зачет;зачет;5.2.2004;33
117;29;экзамен;5;26.1.2015;37
117;30;зачет;зачет;16.6.2001;12
118;1;экзамен;5;4.1.2015;36
118;2;экзамен;5;14.12.2011;44
118;3;зачет;зачет;22.1.2006;10
118;4;экзамен;5;26.12.2008;44
118;5;экзамен;4;28.8.2008;35
118;6;экзамен;5;28.3.2001;3
118;7;экзамен;5;28.12.2012;20
118;8;экзамен;4;18.12.2009;15
118;9;экзамен;4;16.10.2010;4
118;10;зачет;зачет;25.5.2008;42
119;11;зачет;зачет;28.5.2007;39
119;12;экзамен;4;3.2.2002;36
119;13;экзамен;5;17.5.2007;15
119;14;экзамен;4;19.10.2013;49
119;15;зачет;зачет;24.2.2010;28
119;16;экзамен;2;9.11.2010;27
119;17;зачет;зачет;19.1.2007;32
119;18;экзамен;5;4.9.2014;16
119;19;зачет;зачет;1.9.2002;7
119;20;экзамен;3;1.2.2000;47
120;21;экзамен;4;2.1.2000;32
120;22;экзамен;5;25.4.2001;28
120;23;экзамен;4;16.10.2001;27
120;24;зачет;зачет;7.2.2001;22
120;25;экзамен;4;13.6.2004;11
120;26;экзамен;5;8.1.2003;24
120;27;зачет;зачет;2.11.2001;48
120;28;зачет;зачет;8.5.2002;14
120;29;экзамен;5;17.10.2001;43
120;30;экзамен;5;11.5.2011;13
121;1;зачет;зачет;1.10.2002;19
121;2;зачет;зачет;21.11.2003;1
121;3;экзамен;5;9.9.2001;32
121;4;зачет;зачет;27.10.2008;6
121;5;экзамен;4;19.1.2009;9
121;6;зачет;зачет;9.10.2001;39
121;7;зачет;зачет;17.8.2008;4
121;8;зачет;зачет;2.3.2015;36
121;9;экзамен;5;10.1.2003;24
121;10;экзамен;3;10.10.2009;19
122;11;экзамен;4;12.9.2009;47
122;12;экзамен;5;15.5.2000;44
122;13;экзамен;4;9.4.2008;21
122;14;экзамен;3;4.5.2006;36
122;15;зачет;зачет;1.9.2007;25
122;16;зачет;зачет;26.5.2005;9
122;17;экзамен;4;16.5.2006;27
122;18;экзамен;5;15.10.2010;7
122;19;зачет;зачет;22.7.2013;3
122;20;зачет;зачет;4.1.2014;39
123;21;экзамен;3;20.7.2010;21
123;22;экзамен;5;10.12.2003;43
123;23;экзамен;5;17.6.2011;20
123;24;зачет;зачет;23.4.2015;30
123;25;зачет;зачет;16.3.2004;29
123;26;зачет;зачет;10.1.2005;9
123;27;экзамен;5;18.2.2012;32
123;28;экзамен;5;19.8.2001;36
123;29;экзамен;3;28.3.2007;21
123;30;экзамен;4;20.7.2010;13
124;1;экзамен;4;25.11.2008;16
124;2;экзамен;4;20.8.2006;30
124;3;зачет;зачет;12.10.2011;13
124;4;экзамен;5;24.1.2007;23
124;5;экзамен;5;1.10.2003;26
124;6;зачет;зачет;15.1.2015;15
124;7;экзамен;4;11.5.2015;37
124;8;зачет;зачет;15.6.2015;8
124;9;зачет;зачет;16.10.2003;24
124;10;зачет;зачет;13.6.2013;7
125;11;экзамен;5;14.7.2007;3
125;12;экзамен;4;4.10.2000;40
125;13;зачет;зачет;21.6.2002;10
125;14;экзамен;4;18.7.2015;5
125;15;экзамен;4;14.4.2000;6
125;16;экзамен;5;25.8.2008;25
125;17;зачет;зачет;10.3.2003;23
125;18;экзамен;5;11.8.2011;1
125;19;экзамен;3;27.9.2009;25
125;20;зачет;зачет;12.11.2011;10
126;21;экзамен;5;5.11.2009;34
126;22;экзамен;3;3.8.2003;30
126;23;зачет;зачет;4.1.2015;4
126;24;экзамен;3;28.10.2014;2
126;25;экзамен;3;1.1.2001;35
126;26;экзамен;5;9.12.2003;1
126;27;экзамен;5;12.2.2001;4
126;28;экзамен;5;6.3.2005;22
126;29;зачет;зачет;20.7.2005;11
126;30;зачет;зачет;13.4.2009;29
127;1;экзамен;5;18.5.2000;20
127;2;зачет;зачет;11.8.2011;13
127;3;зачет;зачет;27.3.2000;2
127;4;зачет;зачет;25.9.2012;45
127;5;зачет;зачет;5.1.2003;15
127;6;экзамен;5;15.2.2014;24
127;7;экзамен;3;5.4.2003;2
127;8;экзамен;4;24.9.2006;2
127;9;экзамен;5;12.9.2012;22
127;10;зачет;зачет;27.5.2009;47
128;11;экзамен;4;22.1.2015;47
128;12;экзамен;5;16.7.2011;6
128;13;зачет;зачет;16.4.2007;11
128;14;зачет;зачет;12.12.2009;12
128;15;зачет;зачет;10.6.2013;36
128;16;экзамен;5;24.3.2009;27
128;17;экзамен;5;20.4.2009;11
128;18;экзамен;5;21.4.2010;46
128;19;экзамен;5;14.1.2004;29
128;20;экзамен;5;20.9.2005;29
129;21;зачет;зачет;22.11.2007;38
129;22;экзамен;5;4.3.2004;8
129;23;зачет;зачет;14.6.2014;36
129;24;зачет;зачет;10.5.2013;1
129;25;зачет;зачет;16.5.2011;38
129;26;экзамен;5;1.12.2003;45
129;27;зачет;зачет;21.9.2015;12
129;28;экзамен;4;1.9.2005;30
129;29;экзамен;5;25.8.2013;43
129;30;экзамен;4;24.8.2003;39
130;1;экзамен;3;27.2.2014;3
130;2;зачет;зачет;26.12.2003;16
130;3;экзамен;5;6.5.2010;28
130;4;экзамен;3;12.3.2013;47
130;5;зачет;зачет;17.5.2009;29
130;6;экзамен;4;12.11.2015;8
130;7;зачет;зачет;12.1.2004;9
130;8;экзамен;4;16.7.2008;49
130;9;зачет;зачет;22.10.2009;1
130;10;экзамен;4;4.2.2012;23
131;11;экзамен;5;3.12.2001;26
131;12;зачет;зачет;17.1.2007;30
131;13;экзамен;5;4.4.2002;20
131;14;зачет;зачет;16.9.2015;42
131;15;зачет;зачет;10.9.2004;14
131;16;зачет;зачет;8.3.2008;42
131;17;зачет;зачет;3.8.2008;20
131;18;зачет;зачет;14.8.2014;35
131;19;экзамен;5;19.9.2000;22
131;20;зачет;зачет;3.8.2009;50
132;21;зачет;зачет;26.5.2008;49
132;22;зачет;зачет;19.6.2008;39
132;23;зачет;зачет;18.11.2012;28
132;24;экзамен;5;17.11.2009;28
132;25;экзамен;5;10.2.2012;46
132;26;экзамен;5;19.10.2014;33
132;27;экзамен;5;8.11.2006;12
132;28;экзамен;5;25.3.2002;20
132;29;зачет;зачет;3.1.2015;29
132;30;экзамен;5;15.7.2007;48
133;1;экзамен;3;13.1.2013;22
133;2;экзамен;4;20.8.2010;38
133;3;зачет;зачет;25.7.2003;21
133;4;экзамен;4;28.10.2005;4
133;5;зачет;зачет;3.5.2013;2
133;6;зачет;не зачет;22.8.2012;41
133;7;зачет;зачет;21.11.2004;19
133;8;экзамен;5;5.2.2002;22
133;9;экзамен;5;26.9.2003;11
133;10;экзамен;3;5.10.2001;19
134;11;экзамен;5;18.7.2001;28
134;12;экзамен;4;13.2.2001;30
134;13;экзамен;4;23.6.2002;10
134;14;зачет;зачет;14.9.2009;22
134;15;зачет;зачет;1.1.2006;50
134;16;экзамен;5;21.12.2010;34
134;17;зачет;зачет;8.5.2007;3
134;18;зачет;зачет;4.9.2001;40
134;19;зачет;зачет;21.6.2014;3
134;20;зачет;зачет;3.8.2002;4
135;21;экзамен;5;25.9.2002;31
135;22;зачет;зачет;8.8.2011;4
135;23;экзамен;5;9.1.2012;4
135;24;зачет;зачет;25.1.2010;22
135;25;зачет;зачет;17.9.2007;33
135;26;зачет;зачет;15.3.2003;38
135;27;зачет;зачет;3.2.2008;41
135;28;экзамен;3;6.6.2004;8
135;29;экзамен;5;2.5.2004;39
135;30;зачет;зачет;22.7.2004;12
136;1;экзамен;4;26.6.2004;15
136;2;зачет;зачет;23.10.2005;4
136;3;экзамен;4;11.1.2001;19
136;4;экзамен;5;28.1.2002;5
136;5;зачет;не зачет;4.5.2000;25
136;6;экзамен;5;3.5.2006;23
136;7;экзамен;5;11.12.2013;25
136;8;экзамен;4;27.11.2011;22
136;9;экзамен;5;23.2.2011;4
136;10;экзамен;5;18.9.2000;31
137;11;зачет;зачет;9.4.2014;29
137;12;экзамен;4;9.10.2011;17
137;13;зачет;зачет;1.2.2001;21
137;14;экзамен;5;6.9.2015;17
137;15;зачет;зачет;11.5.2003;20
137;16;экзамен;3;3.6.2000;48
137;17;зачет;зачет;22.9.2014;31
137;18;зачет;зачет;16.9.2010;13
137;19;экзамен;5;20.8.2015;46
137;20;экзамен;4;15.2.2012;42
138;21;зачет;зачет;22.12.2005;13
138;22;зачет;зачет;9.8.2013;2
138;23;экзамен;5;12.11.2004;36
138;24;зачет;зачет;22.11.2011;34
138;25;экзамен;5;12.6.2001;39
138;26;зачет;зачет;27.7.2003;21
138;27;зачет;зачет;11.8.2000;36
138;28;зачет;зачет;26.5.2008;39
138;29;экзамен;4;10.11.2008;49
138;30;зачет;зачет;1.11.2008;25
139;1;экзамен;2;1.2.2014;47
139;2;зачет;не зачет;8.11.2009;32
139;3;экзамен;5;12.8.2000;15
139;4;экзамен;5;28.4.2013;19
139;5;экзамен;5;27.12.2006;28
139;6;зачет;зачет;4.5.2013;33
139;7;экзамен;5;24.3.2010;18
139;8;экзамен;5;16.3.2004;23
139;9;зачет;зачет;10.12.2012;27
139;10;экзамен;5;21.5.2007;45
140;11;зачет;зачет;17.6.2010;23
140;12;зачет;зачет;18.3.2008;34
140;13;зачет;зачет;16.12.2007;14
140;14;экзамен;3;16.8.2014;35
140;15;экзамен;3;28.2.2009;26
140;16;экзамен;4;25.10.2000;50
140;17;экзамен;5;23.3.2001;40
140;18;зачет;зачет;8.8.2002;37
140;19;экзамен;4;11.9.2002;43
140;20;зачет;зачет;28.9.2008;27
141;21;зачет;зачет;5.4.2011;24
141;22;зачет;зачет;26.9.2004;35
141;23;экзамен;5;16.2.2007;40
141;24;экзамен;3;5.7.2002;40
141;25;экзамен;5;13.8.2004;38
141;26;экзамен;4;27.4.2004;11
141;27;зачет;зачет;10.10.2011;12
141;28;экзамен;4;2.6.2009;46
141;29;экзамен;4;11.9.2015;15
141;30;экзамен;5;5.4.2011;10
142;1;зачет;зачет;5.12.2001;48
142;2;зачет;зачет;22.7.2007;10
142;3;зачет;зачет;27.2.2001;9
142;4;экзамен;5;22.12.2001;4
142;5;зачет;зачет;9.1.2006;40
142;6;экзамен;5;5.2.2007;6
142;7;экзамен;5;20.10.2005;7
142;8;зачет;зачет;25.11.2009;50
142;9;экзамен;5;20.11.2006;44
142;10;экзамен;4;17.3.2014;9
143;11;зачет;зачет;21.7.2006;49
143;12;экзамен;3;19.12.2009;3
143;13;зачет;зачет;13.2.2008;18
143;14;зачет;зачет;19.1.2005;23
143;15;зачет;зачет;25.10.2013;29
143;16;зачет;не зачет;8.2.2010;48
143;17;зачет;зачет;1.6.2008;3
143;18;зачет;зачет;17.12.2012;38
143;19;экзамен;5;5.9.2002;7
143;20;зачет;зачет;25.3.2001;16
144;21;экзамен;5;18.5.2006;14
144;22;зачет;зачет;11.9.2005;11
144;23;экзамен;5;6.12.2003;18
144;24;зачет;зачет;9.3.2007;46
144;25;зачет;зачет;20.12.2010;46
144;26;экзамен;4;1.1.2000;39
144;27;зачет;зачет;25.1.2007;16
144;28;экзамен;5;27.5.2006;2
144;29;экзамен;4;28.10.2012;35
144;30;экзамен;4;14.2.2014;18
145;1;зачет;зачет;12.11.2012;38
145;2;экзамен;4;16.10.2003;28
145;3;экзамен;3;1.12.2006;35
145;4;зачет;зачет;13.4.2006;3
145;5;экзамен;5;17.4.2007;12
145;6;зачет;зачет;19.9.2003;41
145;7;зачет;зачет;12.12.2010;28
145;8;экзамен;3;19.11.2006;18
145;9;зачет;зачет;24.3.2003;21
145;10;экзамен;5;22.5.2005;29
146;11;экзамен;5;13.12.2007;31
146;12;зачет;зачет;20.11.2003;34
146;13;экзамен;5;17.10.2014;8
146;14;зачет;зачет;25.12.2000;18
146;15;экзамен;5;22.6.2008;31
146;16;экзамен;4;3.11.2015;44
146;17;экзамен;2;23.5.2012;22
146;18;экзамен;4;1.7.2011;47
146;19;зачет;зачет;19.4.2012;42
146;20;экзамен;4;10.4.2008;9
147;21;экзамен;3;7.2.2008;36
147;22;экзамен;5;27.6.2000;46
147;23;зачет;зачет;25.3.2008;21
147;24;экзамен;4;18.4.2009;27
147;25;экзамен;5;19.5.2005;27
147;26;экзамен;3;27.9.2004;49
147;27;экзамен;5;21.7.2014;40
147;28;зачет;зачет;26.12.2003;1
147;29;экзамен;4;17.6.2011;42
147;30;экзамен;4;26.5.2015;45
148;1;экзамен;5;8.3.2001;31
148;2;зачет;зачет;12.2.2011;2
148;3;зачет;зачет;5.3.2005;16
148;4;экзамен;5;10.8.2002;36
148;5;экзамен;5;9.3.2010;26
148;6;зачет;зачет;19.3.2008;29
148;7;зачет;зачет;21.1.2000;22
148;8;экзамен;5;1.9.2011;2
148;9;экзамен;4;10.5.2012;33
148;10;зачет;зачет;25.10.2007;10
149;11;зачет;зачет;8.3.2008;28
149;12;экзамен;5;27.12.2015;24
149;13;экзамен;4;12.2.2008;29
149;14;зачет;зачет;21.2.2015;25
149;15;экзамен;3;11.3.2008;2
149;16;зачет;зачет;6.10.2015;31
149;17;экзамен;5;24.5.2015;17
149;18;экзамен;5;14.10.2006;21
149;19;экзамен;4;17.3.2013;2
149;20;экзамен;5;8.9.2004;9
150;21;зачет;зачет;12.10.2005;15
150;22;зачет;зачет;24.6.2011;13
150;23;зачет;зачет;13.9.2007;16
150;24;экзамен;3;6.9.2003;18
150;25;экзамен;5;22.11.2006;22
150;26;экзамен;5;12.8.2009;38
150;27;экзамен;5;7.2.2015;9
150;28;экзамен;5;18.1.2013;12
150;29;экзамен;5;6.4.2012;44
150;30;зачет;зачет;10.10.2008;7
151;1;зачет;зачет;7.6.2013;42
151;2;зачет;зачет;12.10.2012;28
151;3;зачет;зачет;10.3.2009;26
151;4;экзамен;4;13.2.2008;49
151;5;экзамен;2;3.4.2011;37
151;6;зачет;зачет;18.1.2014;9
151;7;зачет;зачет;19.7.2005;41
151;8;экзамен;5;20.7.2006;42
151;9;зачет;зачет;14.6.2009;34
151;10;экзамен;3;18.2.2010;49
152;11;экзамен;5;17.10.2002;50
152;12;экзамен;4;9.3.2007;25
152;13;зачет;зачет;12.10.2001;26
152;14;экзамен;5;12.12.2002;8
152;15;экзамен;5;5.3.2009;35
152;16;экзамен;5;8.10.2000;8
152;17;зачет;зачет;17.2.2008;2
152;18;зачет;зачет;20.8.2000;43
152;19;экзамен;5;25.1.2007;18
152;20;экзамен;5;6.2.2009;7
153;21;экзамен;5;23.6.2005;20
153;22;зачет;зачет;1.11.2003;3
153;23;зачет;зачет;23.12.2005;26
153;24;экзамен;5;9.8.2003;8
153;25;экзамен;5;20.6.2009;38
153;26;экзамен;5;13.5.2004;2
153;27;экзамен;4;8.2.2015;44
153;28;экзамен;4;4.12.2000;47
153;29;экзамен;3;27.1.2015;45
153;30;зачет;не зачет;6.5.2004;22
154;1;зачет;зачет;21.9.2009;35
154;2;экзамен;5;1.10.2004;2
154;3;зачет;зачет;24.6.2000;49
154;4;экзамен;3;19.6.2008;8
154;5;зачет;зачет;9.6.2002;14
154;6;экзамен;5;13.5.2015;24
154;7;экзамен;3;25.12.2001;35
154;8;экзамен;5;3.12.2014;24
154;9;зачет;зачет;19.6.2011;25
154;10;зачет;зачет;27.3.2005;40
155;11;экзамен;5;23.11.2014;24
155;12;зачет;зачет;19.12.2015;9
155;13;зачет;зачет;23.9.2008;22
155;14;экзамен;5;13.10.2006;6
155;15;экзамен;3;15.2.2006;11
155;16;зачет;зачет;8.7.2010;25
155;17;зачет;зачет;13.7.2014;10
155;18;экзамен;5;7.4.2013;37
155;19;экзамен;5;16.12.2009;17
155;20;экзамен;4;22.9.2009;32
156;21;экзамен;5;11.8.2002;49
156;22;экзамен;5;6.5.2007;40
156;23;экзамен;3;18.2.2011;39
156;24;экзамен;4;12.1.2013;41
156;25;зачет;зачет;21.4.2010;12
156;26;экзамен;3;5.8.2010;27
156;27;экзамен;5;25.9.2012;35
156;28;экзамен;5;20.2.2007;49
156;29;экзамен;4;13.3.2010;41
156;30;экзамен;5;7.8.2001;5
157;1;зачет;зачет;27.4.2005;3
157;2;зачет;зачет;15.9.2009;20
157;3;зачет;зачет;22.11.2004;2
157;4;экзамен;2;24.3.2004;28
157;5;экзамен;4;14.3.2015;39
157;6;зачет;зачет;23.3.2002;39
157;7;экзамен;5;26.5.2011;36
157;8;экзамен;5;15.4.2002;30
157;9;экзамен;4;16.7.2004;13
157;10;зачет;зачет;5.11.2011;38
158;11;экзамен;5;15.4.2010;26
158;12;экзамен;5;5.5.2004;35
158;13;экзамен;4;23.6.2013;30
158;14;зачет;зачет;6.7.2000;24
158;15;зачет;зачет;22.5.2003;20
158;16;экзамен;4;20.9.2012;25
158;17;зачет;зачет;10.5.2005;23
158;18;экзамен;4;20.9.2006;27
158;19;экзамен;4;19.3.2014;20
158;20;экзамен;5;11.4.2013;2
159;21;экзамен;5;23.5.2010;14
159;22;экзамен;5;6.3.2010;34
159;23;экзамен;4;21.5.2002;16
159;24;экзамен;5;18.7.2012;14
159;25;зачет;не зачет;10.3.2011;5
159;26;экзамен;5;3.9.2011;28
159;27;экзамен;5;22.3.2015;9
159;28;зачет;зачет;19.1.2008;21
159;29;зачет;зачет;5.4.2002;7
159;30;зачет;зачет;17.5.2003;13
160;1;экзамен;4;24.8.2010;32
160;2;экзамен;5;17.4.2014;40
160;3;зачет;зачет;26.7.2010;41
160;4;зачет;зачет;10.7.2013;36
160;5;зачет;зачет;1.12.2014;27
160;6;зачет;зачет;26.10.2010;28
160;7;экзамен;3;4.10.2013;16
160;8;экзамен;5;22.2.2009;13
160;9;зачет;зачет;26.8.2002;9
160;10;экзамен;4;16.8.2000;5
161;11;экзамен;5;19.1.2006;40
161;12;экзамен;5;17.12.2001;24
161;13;экзамен;5;2.3.2007;6
161;14;экзамен;4;26.7.2004;41
161;15;зачет;зачет;4.2.2014;36
161;16;экзамен;5;26.12.2009;6
161;17;экзамен;5;3.8.2009;12
161;18;зачет;зачет;15.5.2003;31
161;19;зачет;зачет;4.9.2014;44
161;20;зачет;зачет;9.11.2002;49
162;21;экзамен;4;15.5.2014;13
162;22;зачет;зачет;23.2.2005;38
162;23;экзамен;4;19.4.2014;42
162;24;зачет;зачет;3.9.2004;17
162;25;экзамен;5;4.10.2010;40
162;26;зачет;зачет;5.10.2003;39
162;27;экзамен;5;8.8.2011;39
162;28;экзамен;3;26.9.2004;2
162;29;зачет;зачет;5.6.2009;46
162;30;зачет;зачет;18.3.2008;26
163;1;экзамен;5;5.1.2003;6
163;2;экзамен;5;3.6.2007;1
163;3;экзамен;5;28.11.2013;38
163;4;экзамен;5;4.9.2006;26
163;5;зачет;зачет;13.5.2010;42
163;6;зачет;зачет;20.6.2003;15
163;7;зачет;зачет;16.7.2006;1
163;8;зачет;зачет;4.4.2008;24
163;9;зачет;зачет;26.6.2012;21
163;10;зачет;зачет;8.8.2001;41
164;11;экзамен;5;7.5.2001;25
164;12;экзамен;2;3.1.2002;37
164;13;экзамен;4;4.6.2004;39
164;14;зачет;зачет;24.6.2001;4
164;15;экзамен;5;5.4.2013;6
164;16;зачет;зачет;27.2.2009;8
164;17;экзамен;4;1.12.2007;15
164;18;зачет;зачет;14.12.2011;33
164;19;зачет;зачет;27.12.2006;19
164;20;экзамен;4;6.9.2008;22
165;21;зачет;зачет;13.7.2007;27
165;22;экзамен;5;14.8.2014;45
165;23;экзамен;5;25.10.2005;10
165;24;экзамен;4;23.5.2009;47
165;25;экзамен;4;11.1.2008;39
165;26;экзамен;3;19.9.2011;39
165;27;экзамен;4;17.12.2011;19
165;28;экзамен;5;9.4.2002;12
165;29;зачет;зачет;1.8.2015;26
165;30;экзамен;5;14.12.2009;44
166;1;зачет;зачет;15.1.2009;34
166;2;экзамен;5;24.1.2003;24
166;3;зачет;зачет;25.4.2014;8
166;4;зачет;зачет;10.12.2004;31
166;5;зачет;зачет;27.10.2013;44
166;6;экзамен;5;20.1.2007;28
166;7;зачет;зачет;13.10.2015;2
166;8;экзамен;5;19.3.2013;36
166;9;зачет;зачет;11.6.2010;36
166;10;зачет;зачет;10.9.2000;42
167;11;экзамен;5;2.5.2010;7
167;12;зачет;зачет;10.3.2012;40
167;13;экзамен;5;9.3.2011;39
167;14;экзамен;5;19.8.2004;9
167;15;зачет;зачет;3.11.2006;50
167;16;экзамен;5;26.10.2002;18
167;17;экзамен;5;5.5.2010;11
167;18;зачет;зачет;7.2.2005;25
167;19;зачет;зачет;5.11.2013;25
167;20;экзамен;5;21.2.2003;22
168;21;экзамен;4;11.7.2003;49
168;22;зачет;зачет;16.6.2011;36
168;23;экзамен;5;10.9.2014;11
168;24;зачет;зачет;24.4.2009;39
168;25;экзамен;4;16.12.2000;31
168;26;экзамен;4;26.12.2011;37
168;27;экзамен;4;13.5.2006;32
168;28;экзамен;5;1.5.2008;20
168;29;экзамен;5;3.7.2003;7
168;30;зачет;зачет;9.3.2006;45
169;1;зачет;зачет;8.3.2011;23
169;2;зачет;зачет;5.1.2007;27
169;3;зачет;зачет;21.5.2004;1
169;4;зачет;зачет;28.3.2009;14
169;5;зачет;зачет;1.5.2003;11
169;6;зачет;зачет;3.7.2011;13
169;7;экзамен;3;1.12.2011;44
169;8;экзамен;3;14.9.2008;28
169;9;экзамен;5;23.7.2009;2
169;10;экзамен;4;26.4.2009;47
170;11;зачет;не зачет;21.3.2014;41
170;12;зачет;зачет;4.1.2013;11
170;13;зачет;зачет;20.12.2011;33
170;14;зачет;зачет;3.5.2009;19
170;15;экзамен;3;13.9.2010;21
170;16;экзамен;5;23.8.2000;1
170;17;экзамен;5;16.11.2009;28
170;18;зачет;зачет;24.5.2008;47
170;19;зачет;зачет;3.10.2015;3
170;20;зачет;зачет;12.8.2000;37
171;21;экзамен;4;20.5.2009;45
171;22;зачет;зачет;10.8.2001;18
171;23;зачет;зачет;7.6.2001;23
171;24;экзамен;5;18.11.2001;29
171;25;экзамен;5;2.4.2013;35
171;26;экзамен;5;22.3.2011;15
171;27;экзамен;4;25.2.2000;40
171;28;экзамен;4;27.9.2012;13
171;29;экзамен;4;3.3.2014;43
171;30;зачет;зачет;4.11.2009;48
172;1;экзамен;5;8.2.2014;20
172;2;экзамен;5;20.6.2007;11
172;3;экзамен;5;28.10.2011;45
172;4;зачет;зачет;13.5.2011;20
172;5;зачет;зачет;23.11.2008;40
172;6;экзамен;2;5.2.2004;41
172;7;экзамен;5;18.7.2000;27
172;8;зачет;зачет;26.2.2013;47
172;9;зачет;зачет;1.12.2007;5
172;10;экзамен;5;18.12.2005;40
173;11;зачет;зачет;23.2.2004;31
173;12;экзамен;5;28.10.2015;41
173;13;экзамен;4;26.8.2014;43
173;14;зачет;зачет;19.7.2012;31
173;15;зачет;зачет;15.2.2015;23
173;16;экзамен;4;9.9.2014;22
173;17;экзамен;4;3.9.2013;42
173;18;экзамен;4;11.1.2015;18
173;19;экзамен;5;26.8.2012;29
173;20;экзамен;5;18.1.2006;36
174;21;экзамен;4;7.3.2007;19
174;22;зачет;зачет;3.7.2011;37
174;23;зачет;зачет;6.12.2001;3
174;24;экзамен;5;14.4.2011;50
174;25;экзамен;5;7.2.2009;17
174;26;экзамен;5;3.11.2003;47
174;27;зачет;зачет;9.3.2009;35
174;28;экзамен;4;25.1.2009;1
174;29;экзамен;4;2.1.2000;3
174;30;зачет;зачет;23.1.2010;14
175;1;экзамен;4;21.4.2013;25
175;2;зачет;зачет;10.7.2009;12
175;3;зачет;зачет;12.2.2012;44
175;4;зачет;зачет;23.3.2011;43
175;5;экзамен;3;14.9.2005;20
175;6;зачет;зачет;21.3.2003;22
175;7;зачет;зачет;24.6.2012;21
175;8;экзамен;4;24.1.2011;28
175;9;зачет;зачет;27.8.2012;22
175;10;экзамен;5;15.12.2003;45
176;11;зачет;зачет;19.12.2010;33
176;12;экзамен;4;19.8.2010;40
176;13;зачет;зачет;19.10.2002;49
176;14;экзамен;5;11.11.2013;5
176;15;зачет;зачет;14.4.2003;39
176;16;экзамен;5;6.12.2005;36
176;17;экзамен;3;28.7.2006;44
176;18;зачет;зачет;8.11.2009;13
176;19;экзамен;3;7.8.2013;12
176;20;экзамен;5;4.5.2002;33
177;21;зачет;зачет;10.7.2012;28
177;22;экзамен;4;14.9.2005;23
177;23;экзамен;5;14.4.2005;14
177;24;зачет;зачет;26.9.2000;5
177;25;экзамен;5;5.6.2012;28
177;26;зачет;зачет;23.1.2004;26
177;27;экзамен;3;2.9.2012;25
177;28;экзамен;5;7.12.2005;23
177;29;зачет;зачет;20.4.2011;42
177;30;зачет;зачет;18.9.2010;42
178;1;экзамен;4;6.10.2007;14
178;2;зачет;зачет;16.10.2007;10
178;3;экзамен;5;22.5.2015;16
178;4;зачет;зачет;27.9.2012;33
178;5;зачет;зачет;23.3.2000;41
178;6;экзамен;3;8.11.2012;4
178;7;экзамен;5;10.12.2003;13
178;8;экзамен;4;12.7.2012;40
178;9;зачет;зачет;22.4.2011;21
178;10;экзамен;5;6.3.2004;14
179;11;экзамен;3;11.3.2015;3
179;12;зачет;зачет;19.1.2013;6
179;13;зачет;зачет;23.7.2015;44
179;14;экзамен;5;17.6.2014;17
179;15;экзамен;5;28.12.2004;13
179;16;экзамен;2;25.9.2005;4
179;17;экзамен;4;14.3.2015;36
179;18;экзамен;5;18.10.2015;15
179;19;экзамен;5;16.3.2002;34
179;20;экзамен;5;7.8.2009;42
180;21;зачет;не зачет;12.6.2012;4
180;22;экзамен;5;28.12.2011;22
180;23;экзамен;5;27.1.2005;35
180;24;зачет;зачет;11.2.2001;5
180;25;зачет;зачет;14.6.2002;9
180;26;экзамен;5;19.7.2001;39
180;27;экзамен;4;6.7.2000;33
180;28;экзамен;4;1.11.2010;40
180;29;зачет;зачет;20.8.2015;21
180;30;экзамен;4;28.12.2004;43
181;1;экзамен;5;13.2.2013;33
181;2;экзамен;5;10.11.2012;47
181;3;зачет;не зачет;9.1.2004;26
181;4;зачет;зачет;12.3.2009;47
181;5;зачет;зачет;15.1.2001;40
181;6;экзамен;3;22.2.2011;38
181;7;экзамен;5;21.2.2011;41
181;8;экзамен;5;15.5.2003;25
181;9;экзамен;5;8.12.2013;33
181;10;зачет;зачет;26.11.2011;42
182;11;экзамен;5;3.3.2012;43
182;12;экзамен;5;5.9.2002;19
182;13;экзамен;5;20.2.2007;35
182;14;зачет;зачет;22.8.2014;18
182;15;зачет;зачет;12.7.2013;23
182;16;экзамен;5;13.3.2006;24
182;17;экзамен;5;28.4.2002;46
182;18;экзамен;4;8.11.2012;27
182;19;зачет;зачет;25.9.2009;35
182;20;зачет;зачет;7.8.2006;37
183;21;экзамен;5;24.11.2000;20
183;22;зачет;зачет;1.1.2002;33
183;23;экзамен;5;14.2.2015;34
183;24;зачет;зачет;28.7.2011;34
183;25;экзамен;4;2.7.2001;33
183;26;зачет;зачет;16.7.2007;34
183;27;экзамен;5;21.2.2006;15
183;28;зачет;зачет;24.12.2005;19
183;29;зачет;зачет;10.3.2012;25
183;30;экзамен;5;25.8.2002;49
184;1;зачет;зачет;21.6.2007;35
184;2;экзамен;5;3.2.2014;28
184;3;зачет;зачет;11.6.2011;25
184;4;экзамен;3;14.7.2001;21
184;5;экзамен;4;28.9.2003;27
184;6;экзамен;4;23.7.2006;23
184;7;экзамен;5;23.8.2000;2
184;8;зачет;зачет;22.8.2005;13
184;9;экзамен;5;11.10.2006;42
184;10;экзамен;4;3.12.2001;18
185;11;экзамен;4;21.6.2000;39
185;12;зачет;зачет;9.12.2001;18
185;13;экзамен;5;10.11.2011;39
185;14;экзамен;2;27.7.2008;37
185;15;экзамен;4;16.7.2001;48
185;16;экзамен;5;14.3.2015;14
185;17;экзамен;5;22.4.2000;21
185;18;зачет;зачет;11.4.2005;49
185;19;экзамен;4;12.10.2001;14
185;20;экзамен;4;20.6.2004;32
186;21;зачет;зачет;28.3.2013;17
186;22;экзамен;5;2.12.2011;27
186;23;зачет;зачет;19.2.2004;20
186;24;зачет;зачет;14.9.2000;34
186;25;зачет;зачет;17.9.2015;6
186;26;экзамен;4;16.7.2004;21
186;27;зачет;зачет;7.11.2003;42
186;28;экзамен;4;23.6.2000;5
186;29;зачет;зачет;22.6.2002;23
186;30;экзамен;4;28.5.2007;16
187;1;экзамен;5;3.3.2012;5
187;2;экзамен;5;13.5.2008;7
187;3;зачет;зачет;8.10.2010;15
187;4;зачет;зачет;8.1.2013;48
187;5;зачет;зачет;6.10.2014;38
187;6;зачет;зачет;25.9.2005;7
187;7;экзамен;5;22.8.2011;3
187;8;экзамен;3;13.11.2005;2
187;9;экзамен;5;27.9.2002;21
187;10;экзамен;2;3.6.2004;15
188;11;зачет;зачет;13.4.2001;35
188;12;зачет;зачет;7.4.2002;38
188;13;экзамен;5;3.12.2011;39
188;14;экзамен;5;17.5.2015;17
188;15;зачет;зачет;23.7.2008;25
188;16;экзамен;5;2.1.2013;17
188;17;зачет;зачет;11.2.2015;48
188;18;зачет;зачет;8.12.2009;32
188;19;зачет;зачет;9.8.2000;16
188;20;экзамен;4;23.3.2005;27
189;21;зачет;зачет;25.4.2001;35
189;22;экзамен;5;5.8.2014;20
189;23;экзамен;5;23.4.2005;30
189;24;зачет;зачет;9.4.2009;8
189;25;экзамен;5;23.6.2001;19
189;26;зачет;зачет;16.1.2008;31
189;27;экзамен;5;12.5.2009;42
189;28;экзамен;5;11.4.2006;10
189;29;экзамен;3;2.1.2003;15
189;30;зачет;зачет;14.5.2009;21
190;1;экзамен;4;4.12.2000;5
190;2;зачет;зачет;11.3.2003;9
190;3;зачет;зачет;13.9.2011;28
190;4;экзамен;5;12.5.2014;21
190;5;экзамен;4;19.10.2002;9
190;6;экзамен;5;28.3.2007;48
190;7;экзамен;5;7.5.2004;44
190;8;экзамен;5;21.1.2005;3
190;9;экзамен;4;23.1.2005;35
190;10;зачет;зачет;19.3.2000;2
191;11;экзамен;5;20.4.2012;47
191;12;зачет;зачет;1.10.2010;41
191;13;экзамен;4;28.8.2002;20
191;14;зачет;зачет;21.4.2010;21
191;15;зачет;зачет;16.11.2013;40
191;16;зачет;зачет;26.11.2000;11
191;17;зачет;зачет;13.2.2012;46
191;18;экзамен;4;1.12.2000;28
191;19;зачет;зачет;28.1.2005;45
191;20;экзамен;4;26.12.2015;47
192;21;зачет;зачет;25.1.2011;17
192;22;зачет;зачет;27.4.2003;22
192;23;зачет;зачет;21.10.2003;19
192;24;экзамен;5;2.10.2011;1
192;25;экзамен;4;3.9.2012;2
192;26;зачет;зачет;18.11.2004;12
192;27;экзамен;4;27.12.2013;36
192;28;экзамен;5;2.8.2001;26
192;29;экзамен;5;26.2.2001;2
192;30;экзамен;4;11.9.2012;27
193;1;экзамен;4;15.8.2006;7
193;2;зачет;зачет;11.8.2012;43
193;3;экзамен;4;4.2.2005;33
193;4;экзамен;3;6.5.2015;49
193;5;экзамен;5;25.3.2013;35
193;6;экзамен;5;26.2.2009;29
193;7;зачет;зачет;28.8.2006;9
193;8;экзамен;3;9.10.2013;25
193;9;экзамен;4;24.1.2000;21
193;10;экзамен;4;14.5.2001;30
194;11;экзамен;5;3.6.2013;10
194;12;экзамен;4;2.12.2008;31
194;13;экзамен;5;8.9.2004;19
194;14;зачет;зачет;9.4.2006;21
194;15;экзамен;4;22.6.2003;17
194;16;экзамен;4;12.5.2011;42
194;17;зачет;зачет;12.7.2001;4
194;18;экзамен;4;7.9.2003;35
194;19;зачет;зачет;18.8.2005;35
194;20;экзамен;5;15.1.2000;20
195;21;экзамен;5;3.7.2002;28
195;22;зачет;зачет;23.7.2015;1
195;23;зачет;зачет;24.5.2014;33
195;24;экзамен;5;4.4.2001;1
195;25;экзамен;5;26.5.2008;6
195;26;зачет;зачет;11.5.2012;11
195;27;экзамен;5;19.2.2000;40
195;28;зачет;зачет;4.1.2003;45
195;29;зачет;зачет;6.2.2000;13
195;30;экзамен;5;8.12.2007;28
196;1;зачет;зачет;25.6.2011;49
196;2;экзамен;5;21.2.2012;5
196;3;зачет;зачет;20.3.2004;31
196;4;зачет;зачет;12.8.2007;30
196;5;экзамен;4;3.4.2003;17
196;6;зачет;зачет;17.6.2012;25
196;7;зачет;зачет;27.8.2001;38
196;8;экзамен;5;17.1.2011;15
196;9;экзамен;4;1.5.2010;36
196;10;экзамен;4;3.5.2003;10
197;11;зачет;зачет;4.5.2013;35
197;12;экзамен;4;3.3.2014;9
197;13;зачет;зачет;26.4.2014;21
197;14;зачет;зачет;16.11.2002;14
197;15;зачет;не зачет;10.6.2011;47
197;16;экзамен;5;12.3.2006;32
197;17;экзамен;5;24.5.2000;29
197;18;экзамен;5;14.4.2012;36
197;19;экзамен;5;7.10.2014;44
197;20;экзамен;5;24.12.2015;26
198;21;экзамен;5;3.4.2008;25
198;22;экзамен;3;23.4.2009;24
198;23;зачет;зачет;22.11.2004;38
198;24;зачет;зачет;26.3.2012;26
198;25;зачет;зачет;3.2.2005;41
198;26;экзамен;5;2.7.2003;6
198;27;экзамен;5;2.10.2010;38
198;28;зачет;зачет;17.3.2004;50
198;29;зачет;зачет;16.2.2004;33
198;30;экзамен;4;21.2.2000;19
199;1;экзамен;5;12.10.2009;46
199;2;зачет;зачет;2.11.2000;22
199;3;зачет;зачет;27.6.2007;43
199;4;экзамен;5;18.5.2001;47
199;5;зачет;зачет;24.9.2007;37
199;6;экзамен;4;16.6.2000;49
199;7;зачет;зачет;21.3.2002;9
199;8;экзамен;4;5.5.2003;44
199;9;экзамен;5;3.8.2008;29
199;10;зачет;зачет;1.1.2015;40
200;11;зачет;зачет;7.2.2013;42
200;12;экзамен;5;13.5.2005;47
200;13;экзамен;2;14.3.2002;13
200;14;экзамен;5;18.10.2002;4
200;15;зачет;зачет;4.5.2009;48
200;16;зачет;зачет;23.3.2003;39
200;17;экзамен;5;26.2.2001;38
200;18;зачет;зачет;26.9.2002;38
200;19;экзамен;5;13.11.2007;7
200;20;экзамен;5;4.3.2005;37
201;21;экзамен;4;8.9.2015;22
